{"id":1,"error":null,"result":{"xAxis":-0.3334261,"zAxis":-10.1989155,"yAxis":0.17651969}}